ABMI Site Number,ABMI Public Latitude,ABMI Public Longitude,File No. ABMI-00003; Version January 2008,,
1,59.943127,-110.282402,Refer to File No. ABMI-00001 for a text description of this file,,
2,60.008781,-112.146973,,,
3,59.942680,-111.849083,,,
4,59.919476,-111.434280,,,
5,59.901665,-111.137520,,,
6,59.842426,-110.768616,,,
7,59.820942,-110.375534,,,
8,59.741611,-110.100601,,,
9,59.955215,-113.968842,,,
10,59.942070,-113.609451,,,
11,59.913239,-113.317047,,,
12,59.862999,-112.947403,,,
13,59.869965,-112.579437,,,
14,59.796967,-112.230896,,,
15,59.783936,-111.907753,,,
16,59.737675,-111.459206,,,
17,59.700066,-111.143211,,,
18,59.662022,-110.840218,,,
19,59.607685,-110.419456,,,
20,59.614670,-110.124588,,,
21,59.987904,-116.416641,,,
22,59.951607,-116.186333,,,
23,59.946854,-115.747154,,,
24,59.927780,-115.457977,,,
25,59.901295,-115.125664,,,
26,59.858818,-114.767944,,,
27,59.844925,-114.422569,,,
28,59.805271,-114.023239,,,
29,59.737953,-113.655914,,,
30,59.708855,-113.397850,,,
31,59.701660,-113.055641,,,
32,59.677498,-112.604416,,,
33,59.646675,-112.275978,,,
34,59.565720,-111.939857,,,
35,59.557568,-111.631203,,,
36,59.510143,-111.286217,,,
37,59.482281,-110.956512,,,
38,59.464947,-110.522453,,,
39,59.395153,-110.222572,,,
40,59.992634,-119.732986,,,
41,59.946846,-119.345093,,,
42,59.977444,-118.978882,,,
43,59.931599,-118.594048,,,
44,59.938522,-118.267204,,,
45,59.884632,-118.000008,,,
46,59.903374,-117.587471,,,
47,59.861057,-117.210022,,,
48,59.817764,-116.900818,,,
49,59.812458,-116.551575,,,
50,59.777142,-116.235710,,,
51,59.785976,-115.844200,,,
52,59.725948,-115.522881,,,
53,59.695187,-115.157310,,,
54,59.678719,-114.780563,,,
55,59.670280,-114.419548,,,
56,59.642456,-114.057098,,,
57,59.618908,-113.735153,,,
58,59.529308,-113.403107,,,
59,59.503201,-113.102928,,,
60,59.475338,-112.731911,,,
61,59.441296,-112.396309,,,
62,59.435986,-112.086403,,,
63,59.416378,-111.659508,,,
64,59.319580,-111.284081,,,
65,59.318275,-110.953598,,,
66,59.291420,-110.636040,,,
67,59.227852,-110.360909,,,
68,59.813072,-119.770706,,,
69,59.810764,-119.458748,,,
70,59.781540,-119.125992,,,
71,59.789661,-118.666779,,,
72,59.734673,-118.415428,,,
73,59.718616,-117.958755,,,
74,59.672287,-117.637390,,,
75,59.665314,-117.295952,,,
76,59.671089,-116.937790,,,
77,59.600746,-116.580849,,,
78,59.603184,-116.238892,,,
79,59.615616,-115.915886,,,
80,59.549862,-115.596893,,,
81,59.507553,-115.147682,,,
82,59.492878,-114.793625,,,
83,59.460358,-114.442337,,,
84,59.458614,-114.166542,,,
85,59.414177,-113.843071,,,
86,59.401676,-113.426910,,,
87,59.381336,-113.099640,,,
88,59.313015,-112.857330,,,
89,59.306034,-112.397568,,,
90,59.268108,-112.090126,,,
91,59.212379,-111.772346,,,
92,59.187820,-111.372108,,,
93,59.160793,-111.064606,,,
94,59.114807,-110.680214,,,
95,59.065983,-110.411041,,,
96,59.053726,-110.027939,,,
97,59.663017,-119.780594,,,
98,59.598625,-119.478241,,,
99,59.593914,-119.108841,,,
100,59.563286,-118.761261,,,
101,59.582375,-118.410957,,,
102,59.549892,-118.022049,,,
103,59.549137,-117.706863,,,
104,59.483601,-117.280518,,,
105,59.450874,-117.006454,,,
106,59.476604,-116.686760,,,
107,59.433254,-116.345566,,,
108,59.388031,-115.898651,,,
109,59.371502,-115.677238,,,
110,59.365456,-115.241112,,,
111,59.304123,-114.945435,,,
112,59.279404,-114.582375,,,
113,59.245296,-114.184410,,,
114,59.241486,-113.860207,,,
115,59.224457,-113.473930,,,
116,59.183533,-113.233971,,,
117,59.148365,-112.794853,,,
118,59.094315,-112.462219,,,
119,59.064190,-112.123734,,,
120,59.063084,-111.784248,,,
121,59.016956,-111.443527,,,
122,58.935230,-111.107582,,,
123,58.941849,-110.816315,,,
124,58.892406,-110.409058,,,
125,58.865517,-110.195000,,,
126,59.429874,-119.803429,,,
127,59.445538,-119.460838,,,
128,59.447678,-119.101288,,,
129,59.431057,-118.767242,,,
130,59.372177,-118.382347,,,
131,59.344997,-118.036362,,,
132,59.368443,-117.710686,,,
133,59.348869,-117.385674,,,
134,59.327000,-117.027519,,,
135,59.292957,-116.654610,,,
136,59.248165,-116.391609,,,
137,59.235500,-116.033951,,,
138,59.166348,-115.630699,,,
139,59.182209,-115.300041,,,
140,59.132816,-114.939079,,,
141,59.106171,-114.621773,,,
142,59.080051,-114.247124,,,
143,59.073212,-113.970581,,,
144,59.019142,-113.563141,,,
145,58.989044,-113.234497,,,
146,58.945728,-112.831657,,,
147,58.926662,-112.604309,,,
148,58.867863,-112.243294,,,
149,58.861977,-111.826012,,,
150,58.822025,-111.529236,,,
151,58.768562,-111.240944,,,
152,58.781075,-110.862381,,,
153,58.732189,-110.518013,,,
154,58.704395,-110.185188,,,
155,59.257164,-119.856628,,,
156,59.258030,-119.550362,,,
157,59.255928,-119.221596,,,
158,59.225224,-118.862061,,,
159,59.227409,-118.438774,,,
160,59.170574,-118.207489,,,
161,59.192177,-117.813477,,,
162,59.156700,-117.473236,,,
163,59.105827,-117.153389,,,
164,59.125423,-116.707664,,,
165,59.085716,-116.429916,,,
166,59.067535,-116.048676,,,
167,59.049294,-115.684799,,,
168,58.998829,-115.386452,,,
169,58.942066,-114.996033,,,
170,58.913528,-114.697044,,,
171,58.933090,-114.346619,,,
172,58.868519,-114.012985,,,
173,58.882027,-113.626266,,,
174,58.829926,-113.349533,,,
175,58.776077,-113.004959,,,
176,58.749851,-112.632881,,,
177,58.711525,-112.310265,,,
178,58.662365,-111.971893,,,
179,58.667915,-111.615341,,,
180,58.592373,-111.314796,,,
181,58.554272,-110.968216,,,
182,58.561100,-110.643715,,,
183,58.498306,-110.255699,,,
184,59.107876,-119.901970,,,
185,59.084869,-119.578171,,,
186,59.083550,-119.146049,,,
187,59.021698,-118.882507,,,
188,59.057106,-118.481262,,,
189,59.016953,-118.211037,,,
190,58.980862,-117.833282,,,
191,58.945358,-117.481285,,,
192,58.978397,-117.153389,,,
193,58.901939,-116.752960,,,
194,58.878773,-116.427071,,,
195,58.869080,-116.106911,,,
196,58.860840,-115.743073,,,
197,58.800537,-115.435524,,,
198,58.788940,-115.122055,,,
199,58.790100,-114.773918,,,
200,58.721741,-114.337120,,,
201,58.738762,-114.016357,,,
202,58.694389,-113.777603,,,
203,58.654724,-113.360550,,,
204,58.580917,-113.002159,,,
205,58.610741,-112.680443,,,
206,58.509407,-112.361191,,,
207,58.477882,-112.052505,,,
208,58.485924,-111.694931,,,
209,58.441406,-111.346474,,,
210,58.363522,-110.995140,,,
211,58.377476,-110.641006,,,
212,58.304600,-110.380775,,,
213,58.287540,-110.057426,,,
214,58.895065,-119.918449,,,
215,58.934975,-119.620171,,,
216,58.868587,-119.264351,,,
217,58.858131,-118.825790,,,
218,58.864971,-118.602684,,,
219,58.817989,-118.196014,,,
220,58.805458,-117.890381,,,
221,58.754406,-117.539810,,,
222,58.740612,-117.138252,,,
223,58.712914,-116.843819,,,
224,58.732552,-116.544121,,,
225,58.699387,-116.201263,,,
226,58.645638,-115.816162,,,
227,58.644566,-115.501228,,,
228,58.636993,-115.056686,,,
229,58.600529,-114.789719,,,
230,58.563248,-114.427574,,,
231,58.539162,-114.157448,,,
232,58.473232,-113.745575,,,
233,58.433887,-113.473282,,,
234,58.418022,-113.046516,,,
235,58.367569,-112.757271,,,
236,58.374332,-112.436066,,,
237,58.346821,-112.116707,,,
238,58.276688,-111.740158,,,
239,58.281979,-111.373962,,,
240,58.251968,-111.048103,,,
241,58.161541,-110.711548,,,
242,58.153950,-110.411049,,,
243,58.142788,-110.090385,,,
244,58.763195,-119.985069,,,
245,58.743931,-119.569107,,,
246,58.692867,-119.191330,,,
247,58.717480,-118.933899,,,
248,58.639572,-118.591812,,,
249,58.670002,-118.279434,,,
250,58.663471,-117.926727,,,
251,58.629795,-117.546501,,,
252,58.615292,-117.165581,,,
253,58.539280,-116.870667,,,
254,58.548672,-116.557930,,,
255,58.544712,-116.205025,,,
256,58.471012,-115.886955,,,
257,58.448845,-115.548409,,,
258,58.438293,-115.158234,,,
259,58.422798,-114.844818,,,
260,58.391109,-114.420227,,,
261,58.375652,-114.116852,,,
262,58.348625,-113.829971,,,
263,58.288086,-113.508781,,,
264,58.253811,-113.129601,,,
265,58.207672,-112.842941,,,
266,58.205688,-112.512741,,,
267,58.177471,-112.180862,,,
268,58.141891,-111.783432,,,
269,58.078594,-111.466560,,,
270,58.021748,-111.160591,,,
271,58.014492,-110.813072,,,
272,57.993595,-110.466278,,,
273,57.918251,-110.164040,,,
274,58.575008,-119.917305,,,
275,58.572830,-119.637939,,,
276,58.544350,-119.289284,,,
277,58.522884,-118.900536,,,
278,58.492947,-118.629051,,,
279,58.451195,-118.308250,,,
280,58.486931,-117.974716,,,
281,58.424129,-117.608231,,,
282,58.382511,-117.252838,,,
283,58.372742,-116.993530,,,
284,58.384224,-116.641312,,,
285,58.306347,-116.238853,,,
286,58.288662,-115.932106,,,
287,58.311996,-115.564857,,,
288,58.267586,-115.205383,,,
289,58.206009,-114.904839,,,
290,58.226173,-114.499359,,,
291,58.184917,-114.234863,,,
292,58.147423,-113.858948,,,
293,58.125996,-113.567711,,,
294,58.088268,-113.233276,,,
295,58.055161,-112.838333,,,
296,57.981270,-112.561646,,,
297,57.949032,-112.234360,,,
298,57.974468,-111.857712,,,
299,57.914551,-111.574265,,,
300,57.907963,-111.262276,,,
301,57.819054,-110.839073,,,
302,57.803822,-110.653053,,,
303,57.760666,-110.229668,,,
304,58.373638,-119.652313,,,
305,58.324383,-119.263962,,,
306,58.347618,-118.988899,,,
307,58.313648,-118.707001,,,
308,58.305420,-118.330681,,,
309,58.256912,-117.969650,,,
310,58.237606,-117.635895,,,
311,58.204601,-117.318489,,,
312,58.180611,-116.965179,,,
313,58.182053,-116.664886,,,
314,58.188782,-116.312378,,,
315,58.116947,-115.983871,,,
316,58.078323,-115.619331,,,
317,58.089836,-115.236893,,,
318,58.072975,-114.909676,,,
319,58.031906,-114.650970,,,
320,58.015667,-114.325722,,,
321,57.989101,-113.926941,,,
322,57.923573,-113.578415,,,
323,57.931255,-113.273994,,,
324,57.876133,-113.004417,,,
325,57.861206,-112.580597,,,
326,57.810936,-112.311165,,,
327,57.788807,-111.969208,,,
328,57.726879,-111.551453,,,
329,57.668869,-111.269035,,,
330,57.668617,-110.962219,,,
331,57.633213,-110.613266,,,
332,57.578438,-110.360809,,,
333,58.194698,-119.642097,,,
334,58.167786,-119.405983,,,
335,58.162445,-119.006020,,,
336,58.166138,-118.667053,,,
337,58.119251,-118.357445,,,
338,58.127724,-118.068069,,,
339,58.051292,-117.632301,,,
340,58.072590,-117.382751,,,
341,58.048386,-117.050331,,,
342,57.981148,-116.692703,,,
343,57.975288,-116.288887,,,
344,57.958118,-115.978279,,,
345,57.963055,-115.693504,,,
346,57.929840,-115.381592,,,
347,57.864460,-114.985161,,,
348,57.822563,-114.615318,,,
349,57.859009,-114.348358,,,
350,57.797657,-113.952904,,,
351,57.773716,-113.741859,,,
352,57.713856,-113.323944,,,
353,57.682640,-112.992203,,,
354,57.685524,-112.631378,,,
355,57.605453,-112.314194,,,
356,57.571739,-112.023201,,,
357,57.548332,-111.660538,,,
358,57.497894,-111.375656,,,
359,57.454884,-111.054222,,,
360,57.468082,-110.709099,,,
361,57.375259,-110.357719,,,
362,57.377434,-110.073280,,,
363,58.026234,-119.679031,,,
364,58.009384,-119.396095,,,
365,57.980362,-119.028923,,,
366,57.966251,-118.669571,,,
367,57.931427,-118.401215,,,
368,57.900890,-118.010361,,,
369,57.898590,-117.639656,,,
370,57.880253,-117.366646,,,
371,57.870667,-116.995483,,,
372,57.841442,-116.705276,,,
373,57.833443,-116.360657,,,
374,57.790741,-116.011223,,,
375,57.736629,-115.726326,,,
376,57.746975,-115.406548,,,
377,57.717964,-115.019257,,,
378,57.655117,-114.752853,,,
379,57.620968,-114.363037,,,
380,57.635994,-114.063843,,,
381,57.584751,-113.783333,,,
382,57.568283,-113.389854,,,
383,57.537735,-113.120346,,,
384,57.482895,-112.775536,,,
385,57.479927,-112.383980,,,
386,57.384560,-112.092293,,,
387,57.372757,-111.760498,,,
388,57.341125,-111.481720,,,
389,57.299912,-111.113747,,,
390,57.268986,-110.721565,,,
391,57.260525,-110.455292,,,
392,57.174755,-110.142960,,,
393,57.810299,-119.779030,,,
394,57.836102,-119.486893,,,
395,57.783752,-119.044922,,,
396,57.775509,-118.799675,,,
397,57.733917,-118.379807,,,
398,57.739853,-118.077888,,,
399,57.703064,-117.774681,,,
400,57.684067,-117.428062,,,
401,57.691254,-117.118195,,,
402,57.659164,-116.800018,,,
403,57.633827,-116.425133,,,
404,57.590031,-116.119316,,,
405,57.566681,-115.822281,,,
406,57.584728,-115.434669,,,
407,57.508667,-115.175079,,,
408,57.492027,-114.845024,,,
409,57.459282,-114.490715,,,
410,57.461479,-114.180870,,,
411,57.401764,-113.767021,,,
412,57.381260,-113.492157,,,
413,57.323273,-113.110275,,,
414,57.294983,-112.846794,,,
415,57.246872,-112.510162,,,
416,57.262726,-112.114517,,,
417,57.194435,-111.831306,,,
418,57.196716,-111.562981,,,
419,57.150703,-111.222115,,,
420,57.128140,-110.874931,,,
421,57.056065,-110.574104,,,
422,56.990757,-110.242638,,,
423,57.674206,-119.835594,,,
424,57.626495,-119.425156,,,
425,57.588516,-119.170555,,,
426,57.593987,-118.768517,,,
427,57.572441,-118.473648,,,
428,57.568111,-118.121078,,,
429,57.544125,-117.802765,,,
430,57.538521,-117.416443,,,
431,57.486771,-117.174126,,,
432,57.484314,-116.867340,,,
433,57.472519,-116.418343,,,
434,57.452530,-116.183952,,,
435,57.372704,-115.823540,,,
436,57.399391,-115.440613,,,
437,57.338673,-115.147408,,,
438,57.335743,-114.848801,,,
439,57.308632,-114.545311,,,
440,57.252598,-114.223152,,,
441,57.216694,-113.841789,,,
442,57.201565,-113.577225,,,
443,57.134647,-113.191315,,,
444,57.164497,-112.873680,,,
445,57.102642,-112.584282,,,
446,57.059208,-112.259789,,,
447,57.008949,-111.884850,,,
448,57.004749,-111.505981,,,
449,56.976021,-111.280540,,,
450,56.909969,-110.963531,,,
451,56.852806,-110.575729,,,
452,56.856949,-110.307251,,,
453,57.439835,-119.800735,,,
454,57.462372,-119.531525,,,
455,57.425400,-119.134827,,,
456,57.406326,-118.814575,,,
457,57.423565,-118.488312,,,
458,57.361053,-118.200798,,,
459,57.360245,-117.821838,,,
460,57.363075,-117.476410,,,
461,57.293335,-117.186996,,,
462,57.322102,-116.882797,,,
463,57.295532,-116.484352,,,
464,57.233665,-116.160904,,,
465,57.242516,-115.912079,,,
466,57.207367,-115.556686,,,
467,57.188461,-115.144821,,,
468,57.124310,-114.855614,,,
469,57.097446,-114.573807,,,
470,57.085758,-114.188492,,,
471,57.040764,-113.952484,,,
472,56.993168,-113.571747,,,
473,57.025070,-113.249763,,,
474,56.952862,-112.872215,,,
475,56.959236,-112.631226,,,
476,56.894363,-112.319595,,,
477,56.868309,-111.964401,,,
478,56.848339,-111.667648,,,
479,56.755344,-111.322632,,,
480,56.739231,-110.993187,,,
481,56.698807,-110.673233,,,
482,56.648621,-110.333290,,,
483,56.651634,-110.024910,,,
484,57.296318,-119.876900,,,
485,57.261295,-119.448982,,,
486,57.277439,-119.192505,,,
487,57.217842,-118.853088,,,
488,57.207901,-118.489037,,,
489,57.232376,-118.162682,,,
490,57.188354,-117.854561,,,
491,57.176933,-117.569031,,,
492,57.163441,-117.215698,,,
493,57.087059,-116.834015,,,
494,57.119415,-116.553749,,,
495,57.101963,-116.211586,,,
496,57.065075,-115.927437,,,
497,57.023487,-115.629578,,,
498,57.003262,-115.287514,,,
499,56.986378,-114.944817,,,
500,56.904362,-114.559021,,,
501,56.885067,-114.255661,,,
502,56.868839,-113.958031,,,
503,56.834305,-113.634651,,,
504,56.801697,-113.275459,,,
505,56.769127,-112.996643,,,
506,56.732479,-112.732773,,,
507,56.703514,-112.361649,,,
508,56.682861,-112.014778,,,
509,56.633797,-111.700684,,,
510,56.602238,-111.343719,,,
511,56.553654,-111.028305,,,
512,56.563141,-110.742599,,,
513,56.497036,-110.381218,,,
514,56.463573,-110.065025,,,
515,57.120880,-119.900093,,,
516,57.067837,-119.496414,,,
517,57.110863,-119.264214,,,
518,57.065987,-118.922653,,,
519,57.044838,-118.539223,,,
520,57.044098,-118.253502,,,
521,56.978039,-117.877327,,,
522,56.984550,-117.547440,,,
523,56.979988,-117.263649,,,
524,56.917347,-116.898689,,,
525,56.929382,-116.615578,,,
526,56.911518,-116.249298,,,
527,56.841602,-115.998611,,,
528,56.864960,-115.657036,,,
529,56.837563,-115.344734,,,
530,56.777458,-115.052505,,,
531,56.744755,-114.707581,,,
532,56.760143,-114.332275,,,
533,56.668095,-114.006927,,,
534,56.689857,-113.690399,,,
535,56.636044,-113.334801,,,
536,56.627918,-113.014015,,,
537,56.588074,-112.776077,,,
538,56.549435,-112.452820,,,
539,56.506870,-112.160370,,,
540,56.454128,-111.739182,,,
541,56.389679,-111.437485,,,
542,56.405643,-111.113083,,,
543,56.367294,-110.807022,,,
544,56.315376,-110.536407,,,
545,56.264294,-110.207954,,,
546,56.933628,-119.881012,,,
547,56.933811,-119.624046,,,
548,56.924225,-119.280479,,,
549,56.862049,-118.939484,,,
550,56.879425,-118.585411,,,
551,56.874905,-118.306656,,,
552,56.813931,-117.896324,,,
553,56.826778,-117.636856,,,
554,56.804661,-117.347687,,,
555,56.762230,-117.039635,,,
556,56.770287,-116.661446,,,
557,56.708755,-116.375343,,,
558,56.694675,-116.065811,,,
559,56.670578,-115.698334,,,
560,56.651146,-115.323715,,,
561,56.634964,-115.017265,,,
562,56.596901,-114.647148,,,
563,56.568848,-114.355988,,,
564,56.529064,-114.080284,,,
565,56.469864,-113.758064,,,
566,56.437115,-113.390671,,,
567,56.459156,-113.105873,,,
568,56.398125,-112.719238,,,
569,56.329151,-112.424896,,,
570,56.333176,-112.122169,,,
571,56.272148,-111.878265,,,
572,56.242714,-111.523277,,,
573,56.217773,-111.191597,,,
574,56.174919,-110.900429,,,
575,56.109257,-110.594681,,,
576,56.107594,-110.323669,,,
577,56.764450,-119.965996,,,
578,56.733891,-119.645256,,,
579,56.731594,-119.276932,,,
580,56.700062,-118.932564,,,
581,56.693996,-118.585655,,,
582,56.646046,-118.291519,,,
583,56.663528,-117.947227,,,
584,56.645885,-117.631760,,,
585,56.626186,-117.395340,,,
586,56.558170,-117.017921,,,
587,56.550880,-116.733871,,,
588,56.568489,-116.374451,,,
589,56.490124,-116.039406,,,
590,56.494270,-115.735558,,,
591,56.466942,-115.390587,,,
592,56.468533,-115.106476,,,
593,56.385468,-114.746071,,,
594,56.345901,-114.465256,,,
595,56.336475,-114.099190,,,
596,56.316731,-113.760292,,,
597,56.274246,-113.537216,,,
598,56.265388,-113.185066,,,
599,56.223064,-112.856621,,,
600,56.176392,-112.548492,,,
601,56.145565,-112.277840,,,
602,56.086975,-111.859787,,,
603,56.078949,-111.547501,,,
604,56.039345,-111.209465,,,
605,56.004623,-110.947266,,,
606,55.985703,-110.633621,,,
607,55.953419,-110.315483,,,
608,55.917210,-110.027626,,,
609,56.560551,-119.925491,,,
610,56.545544,-119.629211,,,
611,56.541172,-119.269791,,,
612,56.500168,-118.954628,,,
613,56.519367,-118.665207,,,
614,56.469311,-118.295120,,,
615,56.452942,-118.024689,,,
616,56.436817,-117.657349,,,
617,56.443310,-117.369858,,,
618,56.385921,-117.012878,,,
619,56.345371,-116.711296,,,
620,56.372555,-116.406296,,,
621,56.331802,-116.141838,,,
622,56.321774,-115.820801,,,
623,56.253788,-115.461967,,,
624,56.258976,-115.141731,,,
625,56.212494,-114.849663,,,
626,56.221920,-114.478264,,,
627,56.181553,-114.140480,,,
628,56.125080,-113.821854,,,
629,56.092342,-113.575829,,,
630,56.071377,-113.253578,,,
631,56.047466,-112.838890,,,
632,55.979862,-112.605103,,,
633,55.970795,-112.239220,,,
634,55.959297,-112.013794,,,
635,55.894630,-111.675308,,,
636,55.881409,-111.402763,,,
637,55.811905,-111.004028,,,
638,55.781212,-110.729614,,,
639,55.747368,-110.403282,,,
640,55.710850,-110.065269,,,
641,56.427437,-119.977234,,,
642,56.349869,-119.655525,,,
643,56.341633,-119.329147,,,
644,56.319595,-119.027382,,,
645,56.302330,-118.697884,,,
646,56.301464,-118.460602,,,
647,56.298279,-118.014931,,,
648,56.257835,-117.671722,,,
649,56.246216,-117.341248,,,
650,56.229439,-117.110107,,,
651,56.221806,-116.832489,,,
652,56.165104,-116.444389,,,
653,56.148235,-116.120285,,,
654,56.153553,-115.864441,,,
655,56.103893,-115.517708,,,
656,56.088947,-115.157852,,,
657,56.028576,-114.892906,,,
658,56.046543,-114.521767,,,
659,55.977169,-114.198029,,,
660,55.955322,-113.965317,,,
661,55.939598,-113.585197,,,
662,55.866554,-113.291275,,,
663,55.847248,-113.027748,,,
664,55.852993,-112.605179,,,
665,55.799694,-112.317108,,,
666,55.765549,-112.066238,,,
667,55.709446,-111.704140,,,
668,55.687176,-111.442703,,,
669,55.636261,-111.128052,,,
670,55.620747,-110.728439,,,
671,55.588326,-110.441200,,,
672,55.529751,-110.113976,,,
673,56.180622,-119.658020,,,
674,56.209953,-119.368965,,,
675,56.164143,-119.098602,,,
676,56.161648,-118.711601,,,
677,56.100563,-118.411568,,,
678,56.118496,-118.093781,,,
679,56.119915,-117.760071,,,
680,56.062008,-117.447258,,,
681,56.056721,-117.071121,,,
682,56.021881,-116.822372,,,
683,55.998497,-116.433823,,,
684,55.997955,-116.186646,,,
685,55.952091,-115.889046,,,
686,55.919659,-115.525558,,,
687,55.888378,-115.154457,,,
688,55.853664,-114.960381,,,
689,55.859657,-114.639381,,,
690,55.789543,-114.290833,,,
691,55.805695,-113.994240,,,
692,55.787491,-113.671707,,,
693,55.743893,-113.394600,,,
694,55.672577,-113.040230,,,
695,55.677059,-112.734268,,,
696,55.653831,-112.423393,,,
697,55.559921,-112.072166,,,
698,55.547825,-111.749794,,,
699,55.497818,-111.417191,,,
700,55.467098,-111.192917,,,
701,55.447170,-110.891159,,,
702,55.394737,-110.568474,,,
703,55.361950,-110.199936,,,
704,55.996254,-119.681847,,,
705,55.980568,-119.468948,,,
706,55.982117,-119.114197,,,
707,55.977535,-118.796951,,,
708,55.949131,-118.420120,,,
709,55.956558,-118.151054,,,
710,55.934803,-117.796768,,,
711,55.872986,-117.451088,,,
712,55.855705,-117.155426,,,
713,55.883343,-116.879593,,,
714,55.793797,-116.569290,,,
715,55.804096,-116.189377,,,
716,55.790264,-115.876770,,,
717,55.742378,-115.578911,,,
718,55.723232,-115.245811,,,
719,55.713268,-114.921829,,,
720,55.686321,-114.670769,,,
721,55.624916,-114.345428,,,
722,55.618637,-114.071823,,,
723,55.585331,-113.688354,,,
724,55.564034,-113.352173,,,
725,55.517902,-113.069962,,,
726,55.485153,-112.846214,,,
727,55.443119,-112.501060,,,
728,55.374165,-112.146545,,,
729,55.386623,-111.827736,,,
730,55.308971,-111.497162,,,
731,55.287144,-111.205101,,,
732,55.252216,-110.911606,,,
733,55.236759,-110.574097,,,
734,55.177525,-110.344810,,,
735,55.823025,-119.752716,,,
736,55.816807,-119.430618,,,
737,55.801968,-119.107246,,,
738,55.766529,-118.838089,,,
739,55.771042,-118.438873,,,
740,55.744255,-118.237701,,,
741,55.713165,-117.789948,,,
742,55.719906,-117.479637,,,
743,55.695053,-117.225212,,,
744,55.694748,-116.895493,,,
745,55.652092,-116.641418,,,
746,55.645458,-116.283638,,,
747,55.593349,-115.911362,,,
748,55.585384,-115.587837,,,
749,55.548016,-115.272202,,,
750,55.518154,-114.964775,,,
751,55.480305,-114.732422,,,
752,55.422710,-114.355591,,,
753,55.416237,-114.079887,,,
754,55.403595,-113.770721,,,
755,55.346962,-113.453072,,,
756,55.344795,-113.137398,,,
757,55.323009,-112.864319,,,
758,55.279350,-112.542313,,,
759,55.248493,-112.251076,,,
760,55.164566,-111.923866,,,
761,55.156345,-111.656158,,,
762,55.109192,-111.248314,,,
763,55.079384,-110.960548,,,
764,55.057682,-110.711029,,,
765,55.031284,-110.344170,,,
766,54.976639,-110.024155,,,
767,55.676655,-119.735291,,,
768,55.626019,-119.435112,,,
769,55.626968,-119.093124,,,
770,55.640907,-118.863098,,,
771,55.596569,-118.537384,,,
772,55.548206,-118.215012,,,
773,55.524647,-117.865845,,,
774,55.532280,-117.562332,,,
775,55.524742,-117.220581,,,
776,55.488499,-116.908836,,,
777,55.483208,-116.593346,,,
778,55.454884,-116.301064,,,
779,55.417374,-116.052673,,,
780,55.392925,-115.642815,,,
781,55.360992,-115.334572,,,
782,55.360718,-115.045410,,,
783,55.300171,-114.781647,,,
784,55.296806,-114.481010,,,
785,55.251911,-114.198654,,,
786,55.239887,-113.804993,,,
787,55.188187,-113.513550,,,
788,55.165794,-113.159264,,,
789,55.116135,-112.903625,,,
790,55.093498,-112.526390,,,
791,55.034576,-112.233109,,,
792,55.026520,-112.013039,,,
793,54.976463,-111.730118,,,
794,54.970066,-111.336494,,,
795,54.911663,-111.094254,,,
796,54.880386,-110.730019,,,
797,54.847198,-110.453285,,,
798,54.786388,-110.197945,,,
799,55.454517,-119.771263,,,
800,55.460148,-119.418243,,,
801,55.466587,-119.175423,,,
802,55.439320,-118.893852,,,
803,55.431545,-118.535416,,,
804,55.365131,-118.219620,,,
805,55.352249,-117.938080,,,
806,55.327389,-117.646263,,,
807,55.344860,-117.256554,,,
808,55.339794,-117.020355,,,
809,55.315441,-116.686966,,,
810,55.281036,-116.385315,,,
811,55.205574,-116.085495,,,
812,55.230770,-115.717583,,,
813,55.180889,-115.419357,,,
814,55.125652,-115.087868,,,
815,55.140415,-114.766304,,,
816,55.088943,-114.516335,,,
817,55.082214,-114.162170,,,
818,55.047272,-113.870064,,,
819,55.018139,-113.568703,,,
820,54.972408,-113.220184,,,
821,54.935959,-113.006966,,,
822,54.898026,-112.672699,,,
823,54.883816,-112.384628,,,
824,54.850914,-112.009575,,,
825,54.811955,-111.665276,,,
826,54.784748,-111.481438,,,
827,54.737556,-111.114609,,,
828,54.705143,-110.820778,,,
829,54.672474,-110.546539,,,
830,54.632225,-110.175346,,,
831,55.288292,-119.812622,,,
832,55.285679,-119.588760,,,
833,55.290909,-119.208244,,,
834,55.265808,-118.930534,,,
835,55.209026,-118.610840,,,
836,55.206089,-118.290535,,,
837,55.204319,-118.005470,,,
838,55.145794,-117.640099,,,
839,55.143173,-117.402084,,,
840,55.110153,-117.031487,,,
841,55.119804,-116.738426,,,
842,55.067348,-116.368378,,,
843,55.038193,-116.082260,,,
844,55.040535,-115.848190,,,
845,55.004955,-115.412407,,,
846,54.963406,-115.101395,,,
847,54.975639,-114.809792,,,
848,54.902222,-114.573601,,,
849,54.870182,-114.268692,,,
850,54.858162,-113.977287,,,
851,54.841652,-113.643242,,,
852,54.792171,-113.373901,,,
853,54.749371,-112.961136,,,
854,54.725239,-112.662849,,,
855,54.682022,-112.363113,,,
856,54.657631,-112.058853,,,
857,54.640965,-111.759758,,,
858,54.612850,-111.486748,,,
859,54.523682,-111.148102,,,
860,54.539394,-110.877342,,,
861,54.463287,-110.591125,,,
862,54.404869,-110.262115,,,
863,55.113983,-119.838188,,,
864,55.084309,-119.556503,,,
865,55.065895,-119.260735,,,
866,55.065437,-118.975967,,,
867,55.093342,-118.651749,,,
868,55.059719,-118.335739,,,
869,55.007301,-117.949684,,,
870,55.029003,-117.734436,,,
871,54.982655,-117.391037,,,
872,54.928757,-117.014984,,,
873,54.916748,-116.702034,,,
874,54.896999,-116.394173,,,
875,54.906899,-116.155487,,,
876,54.877594,-115.831787,,,
877,54.827240,-115.563065,,,
878,54.794971,-115.197510,,,
879,54.750805,-114.941872,,,
880,54.742035,-114.637955,,,
881,54.708691,-114.233170,,,
882,54.677731,-114.044724,,,
883,54.669357,-113.595978,,,
884,54.628563,-113.359108,,,
885,54.568707,-113.082962,,,
886,54.569946,-112.804245,,,
887,54.515881,-112.468384,,,
888,54.470558,-112.165871,,,
889,54.434608,-111.914276,,,
890,54.431137,-111.544334,,,
891,54.384300,-111.243111,,,
892,54.366241,-110.994919,,,
893,54.279354,-110.610153,,,
894,54.293339,-110.345718,,,
895,54.200500,-110.043304,,,
896,54.963379,-119.907356,,,
897,54.912777,-119.595436,,,
898,54.895935,-119.306557,,,
899,54.898190,-118.988976,,,
900,54.854778,-118.700951,,,
901,54.889511,-118.296112,,,
902,54.813606,-118.002869,,,
903,54.812283,-117.775902,,,
904,54.777012,-117.425560,,,
905,54.788933,-117.136101,,,
906,54.751949,-116.753311,,,
907,54.746693,-116.467468,,,
908,54.716820,-116.154747,,,
909,54.682850,-115.836937,,,
910,54.686611,-115.556122,,,
911,54.632561,-115.320045,,,
912,54.631519,-114.978561,,,
913,54.572292,-114.652901,,,
914,54.531624,-114.361832,,,
915,54.495140,-113.989128,,,
916,54.491386,-113.665222,,,
917,54.459023,-113.388138,,,
918,54.392681,-113.117767,,,
919,54.389988,-112.816193,,,
920,54.355030,-112.469894,,,
921,54.306240,-112.183655,,,
922,54.284721,-111.918694,,,
923,54.233109,-111.660652,,,
924,54.236469,-111.340385,,,
925,54.163403,-110.990196,,,
926,54.137070,-110.756599,,,
927,54.081009,-110.451973,,,
928,54.058800,-110.071587,,,
929,54.743374,-119.881462,,,
930,54.778164,-119.573784,,,
931,54.716324,-119.261757,,,
932,54.716377,-119.043129,,,
933,54.722633,-118.658981,,,
934,54.686821,-118.419434,,,
935,54.657917,-118.011597,,,
936,54.653599,-117.692078,,,
937,54.620213,-117.441925,,,
938,54.587288,-117.085999,,,
939,54.584103,-116.810234,,,
940,54.558270,-116.587395,,,
941,54.548000,-116.261368,,,
942,54.501518,-115.896027,,,
943,54.452568,-115.638420,,,
944,54.412453,-115.280228,,,
945,54.424480,-114.955154,,,
946,54.395313,-114.672905,,,
947,54.345501,-114.447365,,,
948,54.330906,-114.030411,,,
949,54.293087,-113.779305,,,
950,54.257450,-113.510941,,,
951,54.232067,-113.197128,,,
952,54.201492,-112.810097,,,
953,54.191296,-112.577133,,,
954,54.135212,-112.331100,,,
955,54.127819,-111.966194,,,
956,54.045712,-111.691193,,,
957,54.041615,-111.403084,,,
958,53.975182,-111.109261,,,
959,53.926502,-110.809654,,,
960,53.946247,-110.475677,,,
961,53.864643,-110.222214,,,
962,54.556538,-119.940193,,,
963,54.568817,-119.633614,,,
964,54.558941,-119.280182,,,
965,54.533356,-118.984192,,,
966,54.490208,-118.678535,,,
967,54.486717,-118.379936,,,
968,54.498886,-118.141922,,,
969,54.439407,-117.763863,,,
970,54.465412,-117.456635,,,
971,54.391407,-117.185303,,,
972,54.367252,-116.853073,,,
973,54.395325,-116.561417,,,
974,54.329117,-116.306122,,,
975,54.325180,-115.914856,,,
976,54.282570,-115.622780,,,
977,54.255611,-115.320938,,,
978,54.249729,-115.048401,,,
979,54.221737,-114.777771,,,
980,54.215267,-114.454956,,,
981,54.144859,-114.133110,,,
982,54.103851,-113.773048,,,
983,54.068432,-113.534599,,,
984,54.054386,-113.208633,,,
985,54.028000,-112.908401,,,
986,53.985317,-112.625839,,,
987,53.951618,-112.399071,,,
988,53.917381,-112.030563,,,
989,53.857868,-111.749352,,,
990,53.872204,-111.464218,,,
991,53.823879,-111.167091,,,
992,53.798710,-110.807312,,,
993,53.771446,-110.548660,,,
994,53.726601,-110.260529,,,
995,54.434975,-119.971832,,,
996,54.393799,-119.614182,,,
997,54.385773,-119.370354,,,
998,54.346844,-119.107841,,,
999,54.366093,-118.714645,,,
1000,54.316402,-118.438721,,,
1001,54.314766,-118.126053,,,
1002,54.292706,-117.846184,,,
1003,54.266102,-117.516617,,,
1004,54.261223,-117.282227,,,
1005,54.193382,-116.921707,,,
1006,54.165482,-116.588928,,,
1007,54.189331,-116.269379,,,
1008,54.149139,-115.990967,,,
1009,54.115536,-115.737389,,,
1010,54.098633,-115.361954,,,
1011,54.074818,-115.070145,,,
1012,54.065475,-114.795044,,,
1013,53.994289,-114.455849,,,
1014,53.956932,-114.198227,,,
1015,53.951626,-113.908455,,,
1016,53.931473,-113.623085,,,
1017,53.878666,-113.254288,,,
1018,53.872318,-112.986923,,,
1019,53.831310,-112.692451,,,
1020,53.800499,-112.393845,,,
1021,53.743744,-112.044090,,,
1022,53.676140,-111.788589,,,
1023,53.671288,-111.449608,,,
1024,53.639076,-111.225090,,,
1025,53.581032,-110.883202,,,
1026,53.581261,-110.593414,,,
1027,53.544392,-110.263603,,,
1028,53.460358,-110.053764,,,
1029,54.254326,-120.041786,,,
1030,54.213634,-119.750648,,,
1031,54.211262,-119.348755,,,
1032,54.192703,-119.045845,,,
1033,54.156841,-118.755608,,,
1034,54.112923,-118.433914,,,
1035,54.099365,-118.176224,,,
1036,54.078339,-117.846275,,,
1037,54.092213,-117.601898,,,
1038,54.031303,-117.230576,,,
1039,54.043140,-116.995697,,,
1040,54.017391,-116.684761,,,
1041,53.980541,-116.337242,,,
1042,53.964378,-116.075020,,,
1043,53.960350,-115.708099,,,
1044,53.936760,-115.429199,,,
1045,53.923214,-115.161850,,,
1046,53.837521,-114.837204,,,
1047,53.807587,-114.497055,,,
1048,53.814579,-114.235542,,,
1049,53.779938,-113.937569,,,
1050,53.734978,-113.597740,,,
1051,53.680462,-113.307594,,,
1052,53.667416,-113.022034,,,
1053,53.622387,-112.752403,,,
1054,53.575809,-112.461479,,,
1055,53.557209,-112.094841,,,
1056,53.557827,-111.814735,,,
1057,53.477196,-111.518913,,,
1058,53.439003,-111.241508,,,
1059,53.442837,-110.965874,,,
1060,53.388893,-110.704170,,,
1061,53.320686,-110.372124,,,
1062,53.289909,-110.139183,,,
1063,54.056900,-119.710770,,,
1064,53.991795,-119.446121,,,
1065,53.984768,-119.137558,,,
1066,53.984592,-118.788918,,,
1067,53.944447,-118.492996,,,
1068,53.935467,-118.193306,,,
1069,53.910858,-117.963562,,,
1070,53.939091,-117.590034,,,
1071,53.880966,-117.342422,,,
1072,53.852501,-117.031090,,,
1073,53.839142,-116.708252,,,
1074,53.788643,-116.431984,,,
1075,53.811817,-116.107735,,,
1076,53.787632,-115.754501,,,
1077,53.756496,-115.468903,,,
1078,53.731216,-115.185341,,,
1079,53.711250,-114.873329,,,
1080,53.664288,-114.562080,,,
1081,53.646214,-114.334320,,,
1082,53.588360,-113.994789,,,
1083,53.542648,-113.674660,,,
1084,53.507713,-113.385124,,,
1085,53.485844,-113.120331,,,
1086,53.474743,-112.846855,,,
1087,53.410728,-112.558380,,,
1088,53.382904,-112.158195,,,
1089,53.387581,-111.944038,,,
1090,53.310478,-111.583099,,,
1091,53.304493,-111.317413,,,
1092,53.237061,-111.039818,,,
1093,53.208420,-110.676216,,,
1094,53.154987,-110.481522,,,
1095,53.111607,-110.193741,,,
1096,53.838554,-119.791519,,,
1097,53.837425,-119.445518,,,
1098,53.824810,-119.132050,,,
1099,53.781109,-118.829010,,,
1100,53.790344,-118.595940,,,
1101,53.775806,-118.279419,,,
1102,53.744385,-117.968849,,,
1103,53.719894,-117.642792,,,
1104,53.698910,-117.313225,,,
1105,53.660904,-117.074203,,,
1106,53.671753,-116.723145,,,
1107,53.603119,-116.421295,,,
1108,53.606499,-116.161972,,,
1109,53.583458,-115.865868,,,
1110,53.582878,-115.551056,,,
1111,53.515854,-115.192810,,,
1112,53.505585,-114.960030,,,
1113,53.469265,-114.643639,,,
1114,53.433315,-114.322380,,,
1115,53.427868,-114.024139,,,
1116,53.393127,-113.735886,,,
1117,53.338966,-113.412880,,,
1118,53.305931,-113.126549,,,
1119,53.304234,-112.840141,,,
1120,53.278839,-112.539665,,,
1121,53.216675,-112.265266,,,
1122,53.164841,-111.919342,,,
1123,53.137222,-111.645073,,,
1124,53.095856,-111.390724,,,
1125,53.075481,-111.074829,,,
1126,53.057522,-110.746841,,,
1127,52.982647,-110.506638,,,
1128,52.928959,-110.230217,,,
1129,53.684956,-119.451965,,,
1130,53.637516,-119.152580,,,
1131,53.657856,-118.823860,,,
1132,53.630707,-118.540054,,,
1133,53.568523,-118.216782,,,
1134,53.593197,-117.914024,,,
1135,53.542233,-117.691460,,,
1136,53.555168,-117.357323,,,
1137,53.514519,-117.017067,,,
1138,53.483967,-116.830391,,,
1139,53.468227,-116.514458,,,
1140,53.434452,-116.201927,,,
1141,53.398483,-115.850983,,,
1142,53.370556,-115.626289,,,
1143,53.348640,-115.351357,,,
1144,53.356602,-114.979057,,,
1145,53.317081,-114.679527,,,
1146,53.277996,-114.402054,,,
1147,53.250572,-114.060081,,,
1148,53.224121,-113.771400,,,
1149,53.197906,-113.480789,,,
1150,53.137333,-113.142067,,,
1151,53.137131,-112.907288,,,
1152,53.081833,-112.614395,,,
1153,53.044697,-112.365883,,,
1154,52.990170,-112.089111,,,
1155,52.964119,-111.701576,,,
1156,52.953049,-111.435349,,,
1157,52.911358,-111.092903,,,
1158,52.857689,-110.823265,,,
1159,52.850491,-110.611206,,,
1160,52.789253,-110.302109,,,
1161,53.499744,-119.853355,,,
1162,53.493385,-119.521873,,,
1163,53.450638,-119.198975,,,
1164,53.445980,-118.927284,,,
1165,53.415051,-118.585114,,,
1166,53.426308,-118.337105,,,
1167,53.387165,-117.980225,,,
1168,53.356171,-117.763626,,,
1169,53.342129,-117.356117,,,
1170,53.344151,-117.076775,,,
1171,53.281467,-116.769356,,,
1172,53.297398,-116.506790,,,
1173,53.268864,-116.237389,,,
1174,53.255894,-115.915947,,,
1175,53.208466,-115.650589,,,
1176,53.198906,-115.388504,,,
1177,53.145187,-115.073296,,,
1178,53.104702,-114.714417,,,
1179,53.097267,-114.470749,,,
1180,53.092289,-114.158813,,,
1181,53.033112,-113.842758,,,
1182,52.969978,-113.554283,,,
1183,52.943401,-113.249580,,,
1184,52.959965,-112.997902,,,
1185,52.893475,-112.683708,,,
1186,52.850006,-112.413055,,,
1187,52.839020,-112.057129,,,
1188,52.770489,-111.822708,,,
1189,52.759712,-111.485451,,,
1190,52.711926,-111.237335,,,
1191,52.651737,-110.923225,,,
1192,52.666130,-110.693031,,,
1193,52.620422,-110.348671,,,
1194,52.549477,-110.093994,,,
1195,53.307770,-119.228027,,,
1196,53.249630,-118.925262,,,
1197,53.257175,-118.595047,,,
1198,53.216049,-118.353325,,,
1199,53.215694,-117.993347,,,
1200,53.168827,-117.717049,,,
1201,53.183056,-117.467247,,,
1202,53.117416,-117.186401,,,
1203,53.118919,-116.850006,,,
1204,53.097565,-116.530251,,,
1205,53.089878,-116.225769,,,
1206,53.038548,-115.975174,,,
1207,53.004383,-115.644264,,,
1208,53.018326,-115.338051,,,
1209,52.963455,-115.099663,,,
1210,52.939247,-114.774429,,,
1211,52.919758,-114.499779,,,
1212,52.890835,-114.195892,,,
1213,52.828583,-113.923332,,,
1214,52.799484,-113.648033,,,
1215,52.793949,-113.361649,,,
1216,52.746243,-113.018776,,,
1217,52.726601,-112.709099,,,
1218,52.677601,-112.466820,,,
1219,52.643852,-112.203735,,,
1220,52.637432,-111.821609,,,
1221,52.580723,-111.594986,,,
1222,52.555283,-111.239510,,,
1223,52.496750,-110.988373,,,
1224,52.503891,-110.730148,,,
1225,52.414051,-110.432747,,,
1226,52.411137,-110.134407,,,
1227,53.076233,-118.670456,,,
1228,53.040989,-118.343208,,,
1229,53.030205,-118.065056,,,
1230,52.988125,-117.802834,,,
1231,52.991432,-117.452957,,,
1232,52.969749,-117.215393,,,
1233,52.951374,-116.918106,,,
1234,52.921741,-116.615105,,,
1235,52.864365,-116.285347,,,
1236,52.879879,-116.029701,,,
1237,52.839851,-115.715553,,,
1238,52.814526,-115.467941,,,
1239,52.811741,-115.120705,,,
1240,52.739979,-114.800041,,,
1241,52.770210,-114.527908,,,
1242,52.702114,-114.230164,,,
1243,52.683582,-113.962074,,,
1244,52.613144,-113.661339,,,
1245,52.636539,-113.407433,,,
1246,52.577667,-113.085838,,,
1247,52.514893,-112.811302,,,
1248,52.534279,-112.548889,,,
1249,52.447464,-112.225929,,,
1250,52.434353,-111.960884,,,
1251,52.387630,-111.583900,,,
1252,52.371078,-111.317314,,,
1253,52.351074,-111.060013,,,
1254,52.314011,-110.770378,,,
1255,52.231152,-110.482674,,,
1256,52.224518,-110.166168,,,
1257,52.841675,-118.365379,,,
1258,52.837917,-118.078331,,,
1259,52.839909,-117.807884,,,
1260,52.823330,-117.458916,,,
1261,52.760242,-117.170143,,,
1262,52.799728,-116.950195,,,
1263,52.761360,-116.629959,,,
1264,52.716618,-116.383934,,,
1265,52.709812,-116.084496,,,
1266,52.654339,-115.766670,,,
1267,52.649448,-115.453545,,,
1268,52.610466,-115.126465,,,
1269,52.590515,-114.898758,,,
1270,52.530350,-114.588120,,,
1271,52.521202,-114.312134,,,
1272,52.487816,-114.016762,,,
1273,52.470139,-113.731010,,,
1274,52.416409,-113.387009,,,
1275,52.425117,-113.107147,,,
1276,52.387444,-112.824402,,,
1277,52.347122,-112.548943,,,
1278,52.287441,-112.278847,,,
1279,52.260727,-112.000008,,,
1280,52.205681,-111.688560,,,
1281,52.219337,-111.400436,,,
1282,52.166245,-111.173920,,,
1283,52.137676,-110.796417,,,
1284,52.071507,-110.520279,,,
1285,52.066765,-110.288818,,,
1286,52.651909,-118.176842,,,
1287,52.672520,-117.852692,,,
1288,52.650616,-117.565598,,,
1289,52.598209,-117.208069,,,
1290,52.573689,-117.001572,,,
1291,52.590427,-116.653679,,,
1292,52.525879,-116.379936,,,
1293,52.514469,-116.083382,,,
1294,52.488331,-115.792404,,,
1295,52.437145,-115.495445,,,
1296,52.421879,-115.250580,,,
1297,52.396336,-114.901306,,,
1298,52.394562,-114.640388,,,
1299,52.350571,-114.307846,,,
1300,52.298748,-114.023277,,,
1301,52.282505,-113.704391,,,
1302,52.280006,-113.452942,,,
1303,52.236301,-113.181900,,,
1304,52.170185,-112.893677,,,
1305,52.124207,-112.581192,,,
1306,52.106796,-112.350281,,,
1307,52.087727,-112.009926,,,
1308,52.060646,-111.695770,,,
1309,52.011173,-111.471664,,,
1310,52.001896,-111.194672,,,
1311,51.938274,-110.911171,,,
1312,51.909885,-110.562592,,,
1313,51.886597,-110.307915,,,
1314,51.812878,-110.020561,,,
1315,52.489193,-118.210709,,,
1316,52.469856,-117.947426,,,
1317,52.421429,-117.620201,,,
1318,52.466801,-117.285950,,,
1319,52.396893,-116.929512,,,
1320,52.386498,-116.708443,,,
1321,52.361107,-116.364555,,,
1322,52.360622,-116.184082,,,
1323,52.332520,-115.820496,,,
1324,52.280453,-115.569641,,,
1325,52.277023,-115.237366,,,
1326,52.221863,-114.977531,,,
1327,52.227379,-114.696030,,,
1328,52.160652,-114.464409,,,
1329,52.164120,-114.148193,,,
1330,52.117481,-113.817741,,,
1331,52.052853,-113.565216,,,
1332,52.081928,-113.257729,,,
1333,52.019337,-112.946854,,,
1334,51.991528,-112.685448,,,
1335,51.949348,-112.400352,,,
1336,51.934284,-112.057968,,,
1337,51.880165,-111.741264,,,
1338,51.829441,-111.513512,,,
1339,51.804237,-111.278137,,,
1340,51.778267,-110.950378,,,
1341,51.700825,-110.635551,,,
1342,51.701118,-110.422440,,,
1343,51.646828,-110.099785,,,
1344,52.280956,-117.574394,,,
1345,52.252869,-117.337997,,,
1346,52.226986,-117.028839,,,
1347,52.220783,-116.743568,,,
1348,52.161774,-116.442413,,,
1349,52.152950,-116.187599,,,
1350,52.133961,-115.864571,,,
1351,52.082951,-115.556076,,,
1352,52.086155,-115.320328,,,
1353,52.018738,-115.006264,,,
1354,52.060474,-114.732391,,,
1355,51.966812,-114.440094,,,
1356,51.942356,-114.136139,,,
1357,51.950893,-113.804253,,,
1358,51.934963,-113.583092,,,
1359,51.837631,-113.303398,,,
1360,51.835041,-112.966850,,,
1361,51.823643,-112.774269,,,
1362,51.758121,-112.461449,,,
1363,51.720058,-112.105583,,,
1364,51.690331,-111.875153,,,
1365,51.684143,-111.629646,,,
1366,51.655506,-111.279984,,,
1367,51.580669,-110.964806,,,
1368,51.570057,-110.756241,,,
1369,51.521454,-110.458626,,,
1370,51.464886,-110.134605,,,
1371,52.068222,-117.042381,,,
1372,52.051147,-116.815063,,,
1373,52.001064,-116.441818,,,
1374,51.989647,-116.228493,,,
1375,51.977890,-115.935440,,,
1376,51.943516,-115.623833,,,
1377,51.906822,-115.327484,,,
1378,51.844158,-115.045753,,,
1379,51.846592,-114.763763,,,
1380,51.793423,-114.455902,,,
1381,51.787006,-114.146881,,,
1382,51.740936,-113.919395,,,
1383,51.733898,-113.641487,,,
1384,51.671181,-113.333687,,,
1385,51.660389,-113.029747,,,
1386,51.654629,-112.760307,,,
1387,51.572464,-112.474205,,,
1388,51.533600,-112.237404,,,
1389,51.522919,-111.884567,,,
1390,51.518227,-111.643318,,,
1391,51.474148,-111.321152,,,
1392,51.384136,-111.077873,,,
1393,51.398434,-110.770020,,,
1394,51.332428,-110.549271,,,
1395,51.284584,-110.260117,,,
1396,51.873302,-116.828979,,,
1397,51.802513,-116.519928,,,
1398,51.793373,-116.220932,,,
1399,51.806267,-115.947441,,,
1400,51.780613,-115.634186,,,
1401,51.728539,-115.433289,,,
1402,51.709274,-115.120628,,,
1403,51.656414,-114.798325,,,
1404,51.628845,-114.555679,,,
1405,51.576920,-114.218719,,,
1406,51.565754,-114.018700,,,
1407,51.548641,-113.706932,,,
1408,51.509693,-113.403748,,,
1409,51.482254,-113.121147,,,
1410,51.479015,-112.805328,,,
1411,51.412235,-112.587357,,,
1412,51.398739,-112.253281,,,
1413,51.331120,-111.985046,,,
1414,51.299282,-111.666855,,,
1415,51.299141,-111.396690,,,
1416,51.214520,-111.136772,,,
1417,51.179108,-110.888245,,,
1418,51.152718,-110.549149,,,
1419,51.113495,-110.340263,,,
1420,51.066063,-109.998085,,,
1421,51.612247,-116.239937,,,
1422,51.602654,-116.024124,,,
1423,51.595943,-115.682678,,,
1424,51.552536,-115.479607,,,
1425,51.518810,-115.188652,,,
1426,51.522579,-114.844032,,,
1427,51.468899,-114.585999,,,
1428,51.459274,-114.296379,,,
1429,51.373363,-114.022156,,,
1430,51.377083,-113.729210,,,
1431,51.361668,-113.435425,,,
1432,51.285931,-113.162788,,,
1433,51.311440,-112.898430,,,
1434,51.230656,-112.634445,,,
1435,51.225536,-112.269989,,,
1436,51.158115,-112.060234,,,
1437,51.105412,-111.760864,,,
1438,51.101788,-111.487175,,,
1439,51.026218,-111.178215,,,
1440,51.008621,-110.869843,,,
1441,50.968857,-110.582520,,,
1442,50.962753,-110.353027,,,
1443,50.877670,-110.086479,,,
1444,51.400162,-116.079010,,,
1445,51.424744,-115.768616,,,
1446,51.395973,-115.447693,,,
1447,51.324001,-115.221794,,,
1448,51.301685,-114.874992,,,
1449,51.282284,-114.577766,,,
1450,51.242962,-114.375450,,,
1451,51.203373,-114.092514,,,
1452,51.183567,-113.851097,,,
1453,51.142086,-113.503624,,,
1454,51.160454,-113.244972,,,
1455,51.083050,-112.906815,,,
1456,51.076172,-112.618729,,,
1457,51.023460,-112.395370,,,
1458,51.007030,-112.046165,,,
1459,50.936085,-111.830009,,,
1460,50.953686,-111.546654,,,
1461,50.907532,-111.286209,,,
1462,50.830578,-110.991203,,,
1463,50.810844,-110.745926,,,
1464,50.752064,-110.390587,,,
1465,50.750031,-110.189140,,,
1466,51.198032,-115.772804,,,
1467,51.192261,-115.465797,,,
1468,51.162296,-115.259010,,,
1469,51.125011,-114.924911,,,
1470,51.138451,-114.706436,,,
1471,51.064228,-114.419464,,,
1472,51.035999,-114.128944,,,
1473,51.047684,-113.795387,,,
1474,50.976761,-113.569595,,,
1475,50.964474,-113.316635,,,
1476,50.945747,-112.984711,,,
1477,50.880524,-112.734695,,,
1478,50.857025,-112.405708,,,
1479,50.803802,-112.151886,,,
1480,50.764927,-111.830460,,,
1481,50.746773,-111.609749,,,
1482,50.731812,-111.315002,,,
1483,50.672470,-111.057953,,,
1484,50.630692,-110.785645,,,
1485,50.600151,-110.453819,,,
1486,50.562279,-110.203270,,,
1487,50.986034,-115.585335,,,
1488,50.979336,-115.242737,,,
1489,50.968578,-114.972748,,,
1490,50.958836,-114.663147,,,
1491,50.912880,-114.430405,,,
1492,50.876835,-114.148911,,,
1493,50.819489,-113.874092,,,
1494,50.837601,-113.578979,,,
1495,50.758202,-113.321014,,,
1496,50.746159,-113.013054,,,
1497,50.719524,-112.742088,,,
1498,50.697739,-112.455940,,,
1499,50.669537,-112.207153,,,
1500,50.588234,-111.902893,,,
1501,50.572273,-111.634003,,,
1502,50.532314,-111.326988,,,
1503,50.486595,-111.091148,,,
1504,50.443134,-110.786758,,,
1505,50.404125,-110.599663,,,
1506,50.380306,-110.307625,,,
1507,50.828571,-115.297890,,,
1508,50.781136,-115.051727,,,
1509,50.740887,-114.780327,,,
1510,50.704277,-114.488518,,,
1511,50.696735,-114.247803,,,
1512,50.635616,-113.946289,,,
1513,50.600319,-113.658997,,,
1514,50.614960,-113.393295,,,
1515,50.550644,-113.117920,,,
1516,50.542095,-112.882713,,,
1517,50.517685,-112.549667,,,
1518,50.449921,-112.282509,,,
1519,50.449726,-112.026161,,,
1520,50.418095,-111.738968,,,
1521,50.331093,-111.401901,,,
1522,50.311710,-111.143631,,,
1523,50.268253,-110.866264,,,
1524,50.243816,-110.608040,,,
1525,50.217842,-110.285400,,,
1526,50.182167,-110.118004,,,
1527,50.631939,-115.080032,,,
1528,50.571575,-114.753746,,,
1529,50.551044,-114.469887,,,
1530,50.539951,-114.206207,,,
1531,50.507336,-113.974861,,,
1532,50.450142,-113.659668,,,
1533,50.434460,-113.452827,,,
1534,50.403221,-113.142487,,,
1535,50.364784,-112.817589,,,
1536,50.349079,-112.581055,,,
1537,50.285000,-112.352592,,,
1538,50.260353,-112.086037,,,
1539,50.221924,-111.808769,,,
1540,50.186481,-111.477348,,,
1541,50.165653,-111.242348,,,
1542,50.090096,-110.946297,,,
1543,50.074966,-110.703575,,,
1544,50.064293,-110.399872,,,
1545,50.018612,-110.142075,,,
1546,50.403450,-114.818291,,,
1547,50.390251,-114.592331,,,
1548,50.340908,-114.278091,,,
1549,50.319363,-114.079895,,,
1550,50.253185,-113.744774,,,
1551,50.229401,-113.435173,,,
1552,50.246426,-113.186638,,,
1553,50.155033,-112.915115,,,
1554,50.153278,-112.674850,,,
1555,50.092964,-112.415634,,,
1556,50.071648,-112.112526,,,
1557,50.030048,-111.793381,,,
1558,50.003742,-111.578972,,,
1559,49.960526,-111.218658,,,
1560,49.918877,-111.014114,,,
1561,49.919498,-110.721718,,,
1562,49.883038,-110.436813,,,
1563,49.835690,-110.197792,,,
1564,50.201839,-114.643822,,,
1565,50.150188,-114.349693,,,
1566,50.124870,-114.056129,,,
1567,50.081772,-113.789474,,,
1568,50.059593,-113.466103,,,
1569,50.049408,-113.262856,,,
1570,50.011517,-112.921288,,,
1571,49.975773,-112.666847,,,
1572,49.925816,-112.371689,,,
1573,49.896278,-112.107460,,,
1574,49.833210,-111.856102,,,
1575,49.815010,-111.638481,,,
1576,49.779640,-111.309196,,,
1577,49.729866,-111.022934,,,
1578,49.698570,-110.767006,,,
1579,49.674992,-110.570435,,,
1580,49.631435,-110.293648,,,
1581,50.002617,-114.655380,,,
1582,49.967937,-114.365005,,,
1583,49.953644,-114.147522,,,
1584,49.944073,-113.860138,,,
1585,49.915531,-113.542526,,,
1586,49.878643,-113.285866,,,
1587,49.811783,-112.968109,,,
1588,49.810951,-112.733177,,,
1589,49.783173,-112.453911,,,
1590,49.743179,-112.167030,,,
1591,49.692783,-111.960442,,,
1592,49.644451,-111.661781,,,
1593,49.637825,-111.392174,,,
1594,49.604824,-111.181854,,,
1595,49.562969,-110.831818,,,
1596,49.525253,-110.572441,,,
1597,49.466656,-110.295204,,,
1598,49.442825,-110.098404,,,
1599,49.826542,-114.465752,,,
1600,49.806004,-114.174301,,,
1601,49.737457,-113.825783,,,
1602,49.685371,-113.608124,,,
1603,49.675694,-113.354515,,,
1604,49.642696,-113.042488,,,
1605,49.646912,-112.838814,,,
1606,49.574409,-112.459480,,,
1607,49.584583,-112.235481,,,
1608,49.500614,-111.985397,,,
1609,49.447254,-111.694244,,,
1610,49.453590,-111.437851,,,
1611,49.395493,-111.232903,,,
1612,49.357346,-110.870064,,,
1613,49.322456,-110.605247,,,
1614,49.263149,-110.411758,,,
1615,49.231300,-110.073372,,,
1616,49.627460,-114.437668,,,
1617,49.634209,-114.188255,,,
1618,49.561714,-113.921532,,,
1619,49.524582,-113.680252,,,
1620,49.534229,-113.438545,,,
1621,49.447514,-113.165291,,,
1622,49.471233,-112.854454,,,
1623,49.380474,-112.554527,,,
1624,49.363445,-112.332726,,,
1625,49.357670,-112.039963,,,
1626,49.327721,-111.802391,,,
1627,49.267490,-111.504272,,,
1628,49.215382,-111.217354,,,
1629,49.178630,-110.989660,,,
1630,49.136551,-110.696465,,,
1631,49.100117,-110.425667,,,
1632,49.096806,-110.153671,,,
1633,49.428188,-114.494072,,,
1634,49.435677,-114.182281,,,
1635,49.417633,-113.998138,,,
1636,49.388168,-113.705055,,,
1637,49.325226,-113.487480,,,
1638,49.305336,-113.153824,,,
1639,49.284225,-112.923218,,,
1640,49.207878,-112.653221,,,
1641,49.201641,-112.407562,,,
1642,49.173023,-112.103226,,,
1643,49.124611,-111.844841,,,
1644,49.127346,-111.570023,,,
1645,49.061848,-111.235756,,,
1646,49.041850,-111.053240,,,
1647,49.219769,-114.281158,,,
1648,49.225746,-114.023636,,,
1649,49.191238,-113.802986,,,
1650,49.167027,-113.456352,,,
1651,49.126488,-113.182915,,,
1652,49.113228,-112.905777,,,
1653,49.079758,-112.656418,,,
1654,49.045753,-112.432732,,,
1655,49.037754,-114.043221,,,
1656,48.999115,-113.823624,,,