"location","lat","long","earliestCalendar","latestCalendar"
"339",58.051292,-117.632301,"3/1/2023","11/17/2023"
"340",58.07259,-117.382751,"3/1/2023","11/18/2023"
"341",58.048386,-117.050331,"3/1/2023","11/22/2023"
"398",57.739853,-118.077888,"3/1/2023","11/19/2023"
"399",57.703064,-117.774681,"3/1/2023","11/20/2023"
"457",57.423565,-118.488312,"3/1/2023","11/21/2023"
"1014",53.956932,-114.198227,"2/7/2023","7/27/2023"
"1015",53.951626,-113.908455,"3/9/2023","7/13/2023"
"1048",53.814579,-114.235542,"2/8/2023","7/28/2023"
"1049",53.779938,-113.937569,"2/15/2023","7/14/2023"
"1154",52.99017,-112.089111,"1/5/2023","7/9/2023"
"1156",52.953049,-111.435349,"2/14/2023","7/11/2023"
"1237",52.839851,-115.715553,"3/1/2023","11/7/2023"
"1239",52.811741,-115.120705,"3/1/2023","11/8/2023"
"1249",52.447464,-112.225929,"2/15/2023","7/10/2023"
"1266",52.654339,-115.76667,"3/17/2023","8/7/2023"
"1267",52.649448,-115.453545,"3/1/2023","11/9/2023"
"1268",52.610466,-115.126465,"3/1/2023","11/8/2023"
"1294",52.488331,-115.792404,"3/1/2023","11/8/2023"
"1295",52.437145,-115.495445,"3/1/2023","11/9/2023"
"1296",52.421879,-115.25058,"3/1/2023","11/8/2023"
"1324",52.280453,-115.569641,"3/18/2023","8/6/2023"
"1502",50.532314,-111.326988,"3/24/2023","7/21/2023"
"1503",50.486595,-111.091148,"3/21/2023","7/13/2023"
"1504",50.443134,-110.786758,"3/21/2023","6/25/2023"
"1521",50.331093,-111.401901,"3/24/2023","7/22/2023"
"1522",50.31171,-111.143631,"3/23/2023","7/22/2023"
"1540",50.186481,-111.477348,"3/22/2023","7/23/2023"
"1541",50.165653,-111.242348,"3/22/2023","7/24/2023"
"1557",50.030048,-111.793381,"3/23/2023","7/13/2023"
