"","RecordingName"
"1","FHP-G-298O22_20230609_055500.wav"
"2","FHP-G-298O22_20230611_055400.wav"
"3","FHP-G-298O22_20230613_055400.wav"
"4","FHP-G-299H22_20230609_060000.wav"
"5","FHP-G-299H22_20230611_060000.wav"
"6","FHP-G-299H22_20230613_060000.wav"
"7","FHP-G-299L22_20230609_055500.wav"
"8","FHP-G-299L22_20230611_055400.wav"
"9","FHP-G-299L22_20230613_055400.wav"
"10","FHP-G-299O22_20230609_055500.wav"
"11","FHP-G-299O22_20230611_055400.wav"
"12","FHP-G-299O22_20230613_055400.wav"
"13","FHP-G-3010F22_20230609_055500.wav"
"14","FHP-G-3010F22_20230611_055400.wav"
"15","FHP-G-3010F22_20230613_055400.wav"
"16","FHP-G-3010L22_20230609_055500.wav"
"17","FHP-G-3010L22_20230611_055400.wav"
"18","FHP-G-3010L22_20230613_055400.wav"
"19","FHP-G-3010O22_20230609_055500.wav"
"20","FHP-G-3010O22_20230611_055400.wav"
"21","FHP-G-3010O22_20230613_055400.wav"
"22","FHP-G-3010R22_20230609_055500.wav"
"23","FHP-G-3010R22_20230611_055400.wav"
"24","FHP-G-3010R22_20230613_055400.wav"
"25","FHP-G-308F22_20230609_055500.wav"
"26","FHP-G-308F22_20230611_055400.wav"
"27","FHP-G-308F22_20230613_055400.wav"
"28","FHP-G-308H22_20230609_055500.wav"
"29","FHP-G-308H22_20230611_055400.wav"
"30","FHP-G-308H22_20230613_055400.wav"
"31","FHP-G-309F22_20230609_055500.wav"
"32","FHP-G-309F22_20230611_055400.wav"
"33","FHP-G-309F22_20230613_055400.wav"
"34","FHP-G-309L22_20230609_055500.wav"
"35","FHP-G-309L22_20230611_055400.wav"
"36","FHP-G-309L22_20230613_055400.wav"
"37","FHP-G-309O22_20230609_055500.wav"
"38","FHP-G-309O22_20230611_055400.wav"
"39","FHP-G-309O22_20230613_055400.wav"
"40","FHP-S-3110H22_20230609_055500.wav"
"41","FHP-S-3110H22_20230611_055400.wav"
"42","FHP-S-3110H22_20230613_055400.wav"
"43","FHP-S-3110L22_20230609_055500.wav"
"44","FHP-S-3110L22_20230611_055400.wav"
"45","FHP-S-3110L22_20230613_055400.wav"
"46","FHP-S-3110O22_20230609_055500.wav"
"47","FHP-S-3110O22_20230611_055400.wav"
"48","FHP-S-3110O22_20230613_055400.wav"
"49","FHP-S-318H22_20230609_055500.wav"
"50","FHP-S-318H22_20230611_055400.wav"
"51","FHP-S-318H22_20230613_055400.wav"
"52","FHP-S-318L22_20230609_055500.wav"
"53","FHP-S-318L22_20230611_055400.wav"
"54","FHP-S-318L22_20230613_055400.wav"
"55","FHP-S-318R22_20230609_055500.wav"
"56","FHP-S-318R22_20230611_055400.wav"
"57","FHP-S-318R22_20230613_055400.wav"
"58","FHP-S-319H22_20230609_055500.wav"
"59","FHP-S-319H22_20230611_055400.wav"
"60","FHP-S-319H22_20230613_055400.wav"
"61","FHP-S-319L22_20230609_060000.wav"
"62","FHP-S-319L22_20230611_060000.wav"
"63","FHP-S-319L22_20230613_060000.wav"
"64","FHP-S-319O22_20230609_055500.wav"
"65","FHP-S-319O22_20230611_055400.wav"
"66","FHP-S-319O22_20230613_055400.wav"
